{"cameraMode":{"drawMode":0,"name":"Shaded","section":"Shading Mode"},"sceneLighting":false,"audioPlay":false,"sceneViewState":{"m_AlwaysRefresh":false,"showFog":true,"showSkybox":false,"showFlares":true,"showImageEffects":true,"showParticleSystems":true,"showVisualEffectGraphs":true,"m_FxEnabled":true},"in2DMode":false,"pivot":{"x":-0.008885383605957032,"y":0.024079203605651857,"z":16.015737533569337},"rotation":{"x":0.6644869446754456,"y":0.04474782571196556,"z":-0.0399162620306015,"w":0.7449097037315369},"size":1.2285054922103882,"orthographic":true}