{"cameraMode":{"drawMode":0,"name":"Shaded","section":"Shading Mode"},"sceneLighting":true,"audioPlay":false,"sceneViewState":{"m_AlwaysRefresh":false,"showFog":true,"showSkybox":true,"showFlares":true,"showImageEffects":true,"showParticleSystems":true,"showVisualEffectGraphs":true,"m_FxEnabled":true},"in2DMode":false,"pivot":{"x":-0.1978740692138672,"y":-0.8388305902481079,"z":-1.9836139678955079},"rotation":{"x":0.6232627034187317,"y":0.002350627677515149,"z":-0.0018625056836754084,"w":0.7820277810096741},"size":15.951021194458008,"orthographic":true}